time,x,y,z,vx,vy,vz,Fx,Fy,Fz,min_contact_distance,mechanical_energy,base_load,left_edge_load,right_edge_load
8.000000000000005995e-01,4.388125464163497088e-08,9.530747658848197736e-05,2.065781062758070916e-03,4.000000000000000000e+00,-1.936227336359711902e-10,-5.163168444333164766e-13,-4.215064970037472847e+01,1.617283183751513920e-01,8.390760926133756357e+02,-1.585170214177503454e-05,1.590056986692560201e+02,4.102844638216437829e+02,2.842287382495694033e+02,1.445728630761718705e+02
8.100000000000006084e-01,3.997212557450977727e-02,9.540478672284539476e-05,2.082593827226472422e-03,3.995245594591868787e+00,1.329997321564992718e-05,-1.622110414254139630e-03,-9.708511339751990654e-01,2.182238767299046756e-02,1.911441527612450386e+01,-5.862292130855324690e-05,1.586382628493987852e+02,1.040192612956892937e+01,2.353355766084091361e+00,6.359902572533986387e+00
8.200000000000006173e-01,7.989481022334232740e-02,9.610238615790875924e-05,2.097711677900905482e-03,3.990218500610395402e+00,7.660440304031293003e-05,-3.214669106236626994e-03,-5.481295960432762682e-01,-8.169429207563874695e-03,1.123759187202277054e+01,-6.927251962345342025e-05,1.582636778667538238e+02,1.123691749744875601e+01,0.000000000000000000e+00,0.000000000000000000e+00
8.300000000000006262e-01,1.197613472388440181e-01,9.778483972160492439e-05,2.214510110121757896e-03,3.985259770225935139e+00,2.604347589749709049e-04,-9.163349578859633290e-03,-6.678425816322652864e-01,-9.644269090818884116e-03,1.358940414458230173e+01,-8.874928113798154737e-05,1.579071418838979639e+02,1.082316812615182755e+01,2.218714309005932472e-01,2.543797708019756687e+00
8.400000000000006350e-01,1.595844443305631244e-01,1.005230236459753141e-04,2.179028910653476626e-03,3.978055747131336251e+00,2.980779257622790637e-04,3.661853170758889997e-02,-9.005135568766554632e-01,-6.320171235099245055e-03,1.780871963646315592e+01,-5.106007973203013049e-05,1.573593342730466702e+02,1.547348095156573855e+01,2.335744303590977733e+00,0.000000000000000000e+00
8.500000000000006439e-01,1.993638977824539749e-01,1.036613822527113318e-04,2.023609758360430440e-03,3.977643236468816124e+00,3.515444640735069116e-04,-5.811907764719683595e-02,-5.200515447542162661e+01,2.622719501583581914e-01,1.028000400228194394e+03,-5.802289469958505676e-05,1.573184583434214687e+02,5.004830204273562231e+02,2.999302768368094689e+02,2.276176049357675026e+02
8.600000000000006528e-01,2.390769329013445743e-01,1.074254678282597560e-04,2.205849082866784359e-03,3.970538341081757405e+00,3.773100383970898197e-04,-1.174822871498714533e-02,-2.863409807002965102e-01,-1.715947574261900404e-03,5.520703784490168076e+00,-2.739187414738065637e-05,1.567718070686746614e+02,3.545121554328237501e+00,9.697268389565701918e-01,1.006376503681839507e+00
8.700000000000006617e-01,2.787541221031815675e-01,1.112529725175465264e-04,2.108441934455965259e-03,3.965570937551825104e+00,3.868844256899394525e-04,-8.885268427091553081e-03,-5.565607802485372790e-01,-5.429364468852546088e-03,1.107006303059681329e+01,-5.491188427728566253e-05,1.563690654746029907e+02,6.255719013608898038e+00,4.814488853287780756e+00,0.000000000000000000e+00
8.800000000000006706e-01,3.183744577135340648e-01,1.151268515623224154e-04,2.176168998802604886e-03,3.960871182969238458e+00,3.876062087354075684e-04,-1.378402095228328621e-02,-1.138877851429681787e+00,7.561353887418172624e-03,2.265911559271851772e+01,-5.931802268250110401e-05,1.560256991473540609e+02,2.045258784284542486e+01,0.000000000000000000e+00,2.206839418303417677e+00
8.900000000000006795e-01,3.579501683571018611e-01,1.192983036192093592e-04,2.133592587188368802e-03,3.955532102681012852e+00,5.533788489987751316e-04,-1.437780000174396916e-02,-5.849383258997062907e-01,3.433521495747039048e-03,1.169444301970874811e+01,-2.197443073908081357e-06,1.556191471782416329e+02,6.693510423472058157e+00,2.591345699725543295e+00,2.409586896522577515e+00
9.000000000000006883e-01,3.974726577109433667e-01,1.247607147035600516e-04,2.126087083333306430e-03,3.950745401793381184e+00,5.422700943058855532e-04,-1.585600504038658931e-02,0.000000000000000000e+00,0.000000000000000000e+00,0.000000000000000000e+00,0.000000000000000000e+00,1.552525724042616559e+02,0.000000000000000000e+00,0.000000000000000000e+00,0.000000000000000000e+00
9.100000000000006972e-01,4.369454565299558113e-01,1.301824121967926843e-04,2.140321100151749891e-03,3.946062335050211534e+00,5.424918441619661124e-04,-1.838701934992936771e-02,-1.852416681506530161e-01,1.775519930195765608e-03,3.656978558027761395e+00,-2.241372119372517235e-05,1.548952302652322430e+02,3.438037505915815917e+00,1.506460052922414528e-01,6.841519885344336804e-02
9.200000000000007061e-01,4.763696287009442920e-01,1.356466885133448977e-04,2.135631039191707419e-03,3.941271169488270054e+00,5.476325292711254527e-04,-2.013466930916819539e-02,-7.579700401748945549e-01,1.258743102490581661e-03,1.509415105711018334e+01,-5.753389370218606018e-05,1.545287663148307331e+02,1.509431807585905183e+01,0.000000000000000000e+00,0.000000000000000000e+00
9.300000000000007150e-01,5.157452607276686862e-01,1.411491697065193993e-04,2.118556742423722064e-03,3.936382845976813982e+00,5.508588850028681800e-04,-2.127600856448599170e-02,-1.200354857599674085e+00,-1.506630422240260239e-02,2.403168619929178362e+01,-9.167628139744566328e-05,1.541551463627501164e+02,2.081884840225696109e+01,3.212780219391459191e+00,0.000000000000000000e+00
9.400000000000007239e-01,5.550716080967237342e-01,1.467599696881539061e-04,2.094843057923205173e-03,3.931366597552802045e+00,5.676812970804351235e-04,-2.193903194130666923e-02,-1.294622968136375230e+00,6.792670621285943483e-03,2.583494025899132751e+01,-4.303143945113586943e-05,1.537748332642924254e+02,2.213914576230373754e+01,1.989949384503712171e+00,1.706006331983355384e+00
9.500000000000007327e-01,5.943379367700487581e-01,1.601110968324874484e-04,2.130387022840681249e-03,3.925587734420880270e+00,1.524853670314024181e-03,-2.588093289093655602e-02,-5.128727689279213298e-01,-1.196564174156286228e-02,1.025517143158179323e+01,-1.936014013563872038e-06,1.533517966467917972e+02,5.870653005397084456e+00,2.455146124483918335e+00,1.929372301700794434e+00
9.600000000000007416e-01,6.335470380428748216e-01,1.753184648767607749e-04,2.295302245023969363e-03,3.918869689617409779e+00,1.517019635375352034e-03,1.208248376998562190e-02,-4.826462825899083264e-01,8.876203519803431896e-04,9.825772170564183838e+00,-5.434296227973915705e-05,1.528666820268628328e+02,9.277494880747907402e+00,4.826932349356502505e-01,6.515615846602244854e-02
9.700000000000007505e-01,6.727263673686203482e-01,1.904978236938173930e-04,2.052177534879043481e-03,3.913450456524293575e+00,1.541725750042483283e-03,1.909531567043678754e-02,-3.882904752428081707e+01,-7.280097613464978079e-02,7.706914460994682941e+02,-4.776815998829486362e-05,1.524225861777921978e+02,3.504250103346818150e+02,1.514712809011442118e+02,2.688099919748798925e+02
9.800000000000007594e-01,7.118409246963979253e-01,2.059101737601752601e-04,2.122175887186585931e-03,3.911198355238802105e+00,1.575760886157378648e-03,-3.579899878437610428e-02,-1.642576098135485996e+00,-8.128530187266216553e-03,3.295645972729939643e+01,-9.591759173491372359e-05,1.522706838922314319e+02,2.664604317535957989e+01,5.304665539870998536e+00,1.005487086174011946e+00
9.900000000000007683e-01,7.509121252250734457e-01,2.212800208869833548e-04,2.055538836234917233e-03,3.906307127243921595e+00,1.527401279952725561e-03,-3.512119289795050114e-02,-4.617933269591225809e+01,-2.484455192254073630e-01,9.201878563276402474e+02,-2.609392866492482525e-05,1.518850603500150385e+02,4.874350774457381021e+02,2.968080007666750930e+02,1.359533091066326449e+02
1.000000000000000666e+00,7.899311298571091156e-01,2.363034547006063134e-04,2.056639537169986306e-03,3.901608287036590905e+00,1.500187925821799698e-03,-3.809074960759239320e-02,-4.710183216123917305e+01,-1.457510999457345136e-01,9.363663372506549649e+02,-4.393074917379349853e-05,1.515308596764790821e+02,4.050360755748249062e+02,1.948292685668661761e+02,3.365152191021342674e+02
1.009999999999999565e+00,8.288993841826383102e-01,2.510977278068903147e-04,2.083846921244657691e-03,3.894443803404542770e+00,1.464150102944873112e-03,7.966863632252983718e-03,-1.374296795614709632e+00,-1.024532213780048225e-03,2.723318894421203140e+01,-5.984536817128251716e-05,1.509828789176187911e+02,1.428139331935803824e+01,5.952217571131177110e+00,7.000207759994159673e+00
1.019999999999998463e+00,8.678189108540772523e-01,2.655259182889503221e-04,2.095289720721697779e-03,3.889489158854540829e+00,1.418518477968350134e-03,4.978477806623956246e-03,-6.455497151836734337e-01,4.958642755849369289e-03,1.290647161556728584e+01,-5.821385072801374405e-06,1.506222147851889872e+02,7.419888265105027969e+00,2.903180244252647313e+00,2.583403106214368972e+00
1.029999999999997362e+00,9.066887255906945775e-01,2.794674149737607976e-04,2.121642854296617361e-03,3.882764183451846041e+00,1.354316722920176352e-03,4.357729270946621158e-02,0.000000000000000000e+00,0.000000000000000000e+00,0.000000000000000000e+00,0.000000000000000000e+00,1.501411602919800998e+02,0.000000000000000000e+00,0.000000000000000000e+00,0.000000000000000000e+00
1.039999999999996261e+00,9.455149470341147611e-01,2.931262449753278907e-04,2.034015791589561389e-03,3.882400114480196507e+00,1.373210625566598448e-03,-5.119997044938063430e-02,-5.040349127775163396e+01,-3.099666047663461876e-01,9.984696299894950471e+02,-4.761686147044868686e-05,1.501061579739798333e+02,5.720050848261557803e+02,2.209956556144022102e+02,2.054929246251766415e+02
1.049999999999995159e+00,9.842772815268094888e-01,3.064142864956734009e-04,2.237307248568145678e-03,3.875458260561381874e+00,1.321128306260189273e-03,-1.043661045539413801e-02,-1.354055420128777998e+00,-1.515181915290976511e-02,2.661255037580847471e+01,-4.412177861289751091e-05,1.495985194270193119e+02,1.638679570340594438e+01,5.196487580425965369e+00,5.030437121991830907e+00
1.059999999999994058e+00,1.023000158404648197e+00,3.193656662846348893e-04,2.182406997933390019e-03,3.867950840983596539e+00,1.259863614794986793e-03,3.328293907741306651e-02,-5.087745164352648342e-01,-6.452875819885464485e-03,1.015809744926651348e+01,-4.393965736095538366e-05,1.490378451955545529e+02,8.745074129778361183e+00,1.019474873095453704e+00,3.935978874469937550e-01
1.069999999999992957e+00,1.061675502118971215e+00,3.319399296236262412e-04,2.047739054866024293e-03,3.864980443677562327e+00,1.238066821706894274e-03,-9.286258529818234783e-03,-4.207665004151295562e+01,-5.373233233191756497e-01,8.319314426972345018e+02,-3.389359819398404805e-05,1.487923114398518294e+02,4.379562479633299290e+02,1.469649905431753609e+02,2.470343043734714001e+02
1.079999999999991855e+00,1.100286812495926858e+00,3.438186848454627496e-04,2.222736860169807673e-03,3.860840379503919007e+00,1.183728560208201002e-03,-2.132107866488921338e-02,-7.388571094485557600e-01,-1.293321369565754095e-02,1.463386180385229096e+01,-2.841464489158895823e-05,1.485054937368167316e+02,1.329880233541363133e+01,7.246951945566206810e-01,6.107254655324769743e-01
1.089999999999990754e+00,1.138858426721769623e+00,3.552913123230266369e-04,2.196682171192805306e-03,3.853676918094304238e+00,1.113307230281801669e-03,2.265237222056581609e-02,-3.566113216267792763e-01,8.533745163981833887e-04,7.346605269244376402e+00,-4.334418651292864730e-05,1.479751658433411876e+02,4.572976583970564057e+00,1.846965618486118066e+00,9.261312373622661021e-01
1.099999999999989653e+00,1.177385889439263922e+00,3.665607773131972485e-04,2.051790493741452621e-03,3.848550438097949833e+00,1.133761812215293343e-03,2.555642710953805533e-02,-3.622180580728742427e+01,-3.761393897114473917e-01,7.185979900096914434e+02,-3.725890874194288938e-05,1.475668385260867126e+02,3.335284528666655319e+02,1.366977729061371178e+02,2.483863885499755781e+02
1.109999999999988551e+00,1.215850753620663971e+00,3.777600863887532897e-04,2.167622647385764045e-03,3.846370512062676106e+00,1.128930019540041020e-03,-3.078943661796644526e-02,-4.067571823687700094e-01,-5.150490744985994525e-03,8.004604261556085731e+00,-5.347569797989337737e-05,1.474279961849144911e+02,8.004931532475263012e+00,0.000000000000000000e+00,0.000000000000000000e+00
1.119999999999987450e+00,1.254277093836258405e+00,3.884641813508930559e-04,2.058780265334252471e-03,3.841426993335921747e+00,1.049847645107133748e-03,-3.001497311593126494e-02,-4.594498802222928902e+01,-5.521306495164381989e-01,9.154345563927176954e+02,-3.765350447760933139e-05,1.470387313992137592e+02,3.965381292227371546e+02,3.444999326884046127e+02,1.744049392088608101e+02
1.129999999999986349e+00,1.292647322558081902e+00,3.984458569665930497e-04,2.087161709046292737e-03,3.836723541707711682e+00,9.917477774289405225e-04,-3.557306651220235733e-02,-3.262541951433365339e-01,-8.387978124426469922e-03,6.638248207119478828e+00,-6.926499255459003801e-06,1.466996143891136626e+02,5.210050921859377127e+00,7.783025294676861883e-01,6.496180032836245122e-01
1.139999999999985247e+00,1.330960194576493061e+00,4.077819393315243652e-04,2.274892124086181581e-03,3.829950603465069214e+00,9.197993044467029896e-04,8.968884874197954795e-04,-2.951644018519015700e-01,-8.671954558873089247e-03,5.992431687944513641e+00,-2.485792514724839697e-05,1.462286842609242967e+02,5.992215907014640131e+00,0.000000000000000000e+00,0.000000000000000000e+00
1.149999999999984146e+00,1.369241387490473638e+00,4.166832919790425553e-04,2.104703299076200740e-03,3.824876372483838161e+00,8.433067418170818756e-04,2.767437487695334833e-03,-1.111148231369595951e+00,-2.544978600779638014e-02,2.206334775896036859e+01,-7.850399485678327509e-05,1.458275390704768881e+02,9.048148371513663690e+00,1.106688397470006180e+01,1.948661807151508274e+00
1.159999999999983045e+00,1.407461230969021759e+00,4.247045714156653050e-04,2.181744596577070514e-03,3.820393295608946804e+00,7.801451343123169029e-04,-4.805402393451872062e-03,0.000000000000000000e+00,0.000000000000000000e+00,0.000000000000000000e+00,0.000000000000000000e+00,1.455036760481099520e+02,0.000000000000000000e+00,0.000000000000000000e+00,0.000000000000000000e+00
1.169999999999981943e+00,1.445637550976777153e+00,4.330927285816138159e-04,2.127443636883383834e-03,3.815376819674281883e+00,9.220714049890838286e-04,-6.675209023684497596e-03,-4.058808986551017406e-01,-9.668727688379801302e-03,8.276627242565044895e+00,-5.968262777354964473e-05,1.451322291528539097e+02,7.443896352337503686e+00,8.323416891300206011e-01,0.000000000000000000e+00
1.179999999999980842e+00,1.483759600475879514e+00,4.428209388139665273e-04,2.134456428490152501e-03,3.810418893895388237e+00,9.597709675824165135e-04,-1.043188855451239981e-02,-1.016277960950241033e+00,-2.530469433626443901e-02,2.026097406437850523e+01,-4.456960298805700063e-05,1.447735155985011204e+02,1.748977203406096947e+01,7.589072291042804341e-01,2.012473145702379451e+00
1.189999999999979741e+00,1.521833660657741172e+00,4.520396999152807892e-04,2.110577761682630796e-03,3.805794955458511541e+00,9.004452175123755587e-04,-1.327850647173268832e-02,-1.063601001433192472e+00,-1.821729438273311796e-02,2.121326998828370591e+01,-5.787824932056324923e-05,1.444182470657129045e+02,8.902771221642559851e+00,1.123415089622862695e+01,1.076454185698574761e+00
1.199999999999978639e+00,1.559856521587523526e+00,4.605149214721186907e-04,2.127183354553779070e-03,3.801011913167107625e+00,8.295708146851170708e-04,-1.919121125367161118e-02,-5.862550980479965812e-01,-1.794983258085116468e-02,1.199434945115484297e+01,-6.715625941067725722e-05,1.440838059917671785e+02,1.199369285617125236e+01,0.000000000000000000e+00,0.000000000000000000e+00
1.209999999999977538e+00,1.597832106552586673e+00,4.683589731124006544e-04,2.101054507383885543e-03,3.796206256133555890e+00,7.703752482349767458e-04,-2.270016115100675913e-02,-8.705208000161537285e-01,-4.220398408466233264e-02,1.752212103231239837e+01,-2.756901926611286802e-05,1.437334445577788529e+02,1.053342167702117393e+01,0.000000000000000000e+00,6.988441485599128811e+00
1.219999999999976437e+00,1.635757107357887152e+00,4.753867787796967688e-04,2.110141504126359854e-03,3.791789491116825506e+00,6.900298078011318564e-04,-2.872661877643041886e-02,-9.336377022769883904e-01,-2.447457752713508988e-02,1.847279736966348551e+01,-7.143924912385540664e-05,1.434037743132195146e+02,8.235466722034814779e+00,1.023778723074880048e+01,0.000000000000000000e+00
1.229999999999975335e+00,1.673635026093316602e+00,4.816780728185828474e-04,2.077708999346488099e-03,3.786992454127505958e+00,6.175293689285929867e-04,-3.258205266251459897e-02,-4.546331361125292148e+01,-7.762484367140113362e-01,9.100214531133030960e+02,-6.853727231550198716e-05,1.430528995815462849e+02,4.279084125941374737e+02,2.405291415218321447e+02,2.415818461967583630e+02
1.239999999999974234e+00,1.711463410442150890e+00,4.871620910351058542e-04,2.047929234393831583e-03,3.782172439215343296e+00,5.409131025070325555e-04,-3.703234441605279814e-02,-4.657641234425760501e+01,-5.923329049219885345e-01,9.206943381346461592e+02,-3.370341866618543208e-05,1.427062566978061966e+02,6.213653423185177189e+02,1.459215156892360596e+02,1.534345188916975928e+02
1.249999999999973133e+00,1.749239989868554446e+00,4.919506499294685380e-04,2.070942360125521513e-03,3.775304046386850576e+00,4.532120639050014454e-04,6.790913284443670858e-03,-4.118422503677527402e+01,-6.612751483126346752e-01,7.745869693997080958e+02,-5.052918612931910081e-05,1.421853232677763685e+02,4.598212442429161797e+02,1.641579147622214521e+02,1.509046904135992122e+02
1.259999999999972031e+00,1.786967012745033667e+00,4.960759879496258722e-04,2.072350267408237627e-03,3.770563411596015602e+00,3.806921444761558857e-04,1.217930900662127659e-03,-4.024745233064280114e+01,-5.449818764363760781e-01,8.039811763237053128e+02,-8.060594886490600464e-05,1.418380187584512271e+02,4.304975740761286715e+02,1.843430877239310917e+02,1.891427524459789993e+02
1.269999999999970930e+00,1.824642443346226939e+00,5.002878153215377984e-04,2.116597592257065882e-03,3.763785603173024796e+00,4.438400286215124198e-04,3.662206894723364636e-02,-2.380480378234176297e-01,-8.744083601546069617e-03,4.809231723202112896e+00,-3.502788105663170656e-05,1.413693550111000548e+02,4.809116157155933990e+00,0.000000000000000000e+00,0.000000000000000000e+00
1.279999999999969829e+00,1.862270741937443130e+00,5.045967462295572643e-04,2.100018635126930152e-03,3.758918504310293063e+00,3.757292910932812004e-04,3.259629410554417545e-02,-8.022875983308583869e-01,-2.026046377098580584e-02,1.607647711876006724e+01,-4.578881267625935225e-05,1.410221153033509438e+02,7.400414044716375983e+00,3.843019802827141618e+00,4.832949857442491393e+00
1.289999999999968727e+00,1.899847977379169661e+00,5.081617714671519091e-04,2.128449144249157897e-03,3.754285837363845690e+00,3.077192790836732442e-04,2.639948517480920215e-02,-1.209366247970724562e+00,-1.992513689928950005e-02,2.392687384757548585e+01,-3.137957901331103749e-05,1.406881650289776360e+02,1.101403480810084368e+01,9.299464889568195503e+00,3.613983648451332797e+00
1.299999999999967626e+00,1.937376685219096784e+00,5.110683038136016026e-04,2.139962291638970379e-03,3.747865147216417725e+00,2.301079135143480536e-04,5.914862685346249094e-02,0.000000000000000000e+00,0.000000000000000000e+00,0.000000000000000000e+00,0.000000000000000000e+00,1.402443578519488483e+02,0.000000000000000000e+00,0.000000000000000000e+00,0.000000000000000000e+00
1.309999999999966525e+00,1.974850973999785486e+00,5.161623064711418898e-04,2.207021280988325472e-03,3.747118844761003320e+00,6.958534679968377554e-04,-3.583104642848119331e-02,-7.873567007309580923e-01,-3.794525011223398581e-02,1.584764983997743215e+01,-7.034786404157018086e-05,1.401861044645423249e+02,1.032329475821933684e+01,0.000000000000000000e+00,5.524142713976441854e+00
1.319999999999965423e+00,2.012278682540204144e+00,5.227306216847196589e-04,2.170707002668775809e-03,3.740034263226413191e+00,6.316797301088999950e-04,7.398598106814088110e-03,-1.168121026038243304e+00,-2.068296783932797520e-02,2.304299001167754213e+01,-6.336233336455207588e-05,1.396552381374711160e+02,8.910627478003451785e+00,1.143586217536109828e+01,2.697259325892710002e+00
1.329999999999964322e+00,2.049657127403813117e+00,5.287973128069083182e-04,2.135368013888330925e-03,3.735268932750734017e+00,5.761849267873632007e-04,3.110768994471347151e-03,0.000000000000000000e+00,0.000000000000000000e+00,0.000000000000000000e+00,0.000000000000000000e+00,1.393093123277980965e+02,0.000000000000000000e+00,0.000000000000000000e+00,0.000000000000000000e+00
1.339999999999963221e+00,2.086984708122136656e+00,5.342791805902524132e-04,2.139913215172835077e-03,3.730731764491774349e+00,5.268233565231017794e-04,-2.386524241847592844e-03,-3.981267166406686209e-01,-3.498707790220283945e-03,7.862182930801328240e+00,-2.738332988504480967e-05,1.389806951439983891e+02,6.267909020681766918e+00,5.259728566114971748e-01,1.068551782666002259e+00
1.349999999999962119e+00,2.124263276541054513e+00,5.392441893767067288e-04,2.135367233021653183e-03,3.726009954857592010e+00,4.755382069356157374e-04,-8.003696341315806595e-03,-5.553870558976809590e+00,-7.246411622054875490e-02,3.088874286770217736e+01,-7.380144167223184892e-05,1.386435586347571984e+02,1.166802506143010376e+01,1.983069716679104744e+01,0.000000000000000000e+00
1.359999999999961018e+00,2.161490915914821009e+00,5.436940292403595392e-04,2.117867301045318722e-03,3.721120350932995979e+00,4.286251784448223646e-04,-1.360466529325409651e-02,-1.408869064097605595e+00,-1.800315458155582471e-02,2.794929780714978662e+01,-6.646696194312178008e-05,1.382905929506940197e+02,1.872557573824553145e+01,5.980882951314320906e+00,3.243390024941549932e+00
1.369999999999959917e+00,2.198668522503596012e+00,5.477624001498544726e-04,2.121920374798528814e-03,3.716516987758442969e+00,3.997657010432998596e-04,-2.077436613978568547e-02,0.000000000000000000e+00,0.000000000000000000e+00,0.000000000000000000e+00,0.000000000000000000e+00,1.379661021915819958e+02,0.000000000000000000e+00,0.000000000000000000e+00,0.000000000000000000e+00
1.379999999999958815e+00,2.235798773271394868e+00,5.515947068878843595e-04,2.079935836550473195e-03,3.711798049057111193e+00,3.787176089574014175e-04,-2.420654793644248098e-02,-4.258979737573362456e+01,-4.271717318512204264e-01,8.518584298131014521e+02,-4.884429867077402093e-05,1.376220804021212700e+02,4.714383535532030578e+02,1.822133337161911584e+02,1.982065358812547515e+02
1.389999999999957714e+00,2.272877549456287394e+00,5.550309180227735529e-04,2.080564525272215071e-03,3.704950149185334052e+00,3.206505797284328629e-04,1.570244670093823638e-02,-3.725538225110930313e+01,-3.400468929041045030e-01,7.450617367483120006e+02,-8.697170830812735176e-05,1.371270544546698034e+02,4.180609100570712258e+02,1.579203041552559057e+02,1.690806298852474470e+02
1.399999999999956612e+00,2.309906080143519613e+00,5.580482178716215762e-04,2.103628983493409290e-03,3.702669660578908228e+00,3.036284946893841969e-04,-4.033418589683831351e-02,-1.315653092022483373e+00,-7.379127358807096096e-03,2.624092988341164201e+01,-2.359715093235882633e-05,1.369835501148414494e+02,1.430023716642049258e+01,5.556114250331744664e+00,6.384741714674511570e+00
1.409999999999955511e+00,2.346855929379086714e+00,5.842974282516024808e-04,2.236200450397476946e-03,3.693409347197983639e+00,2.877718759333163217e-03,-4.767094666078133987e-03,-1.923401776997875068e-01,-2.840197476410435008e-03,3.845454431963965192e+00,-7.246199206925509756e-06,1.363318406525369539e+02,2.094214630281012290e+00,9.741564929020615216e-01,7.770833087798205696e-01
1.419999999999954410e+00,2.383767222423764043e+00,6.129177600667500307e-04,2.093741308210520565e-03,3.688484427193780668e+00,2.846506438149549578e-03,-5.650315794400146731e-03,-7.647839862368939201e-01,-1.133887492307866091e-02,1.541442626584614217e+01,-5.035845632976425346e-05,1.359587766764934997e+02,1.541413995738034792e+01,0.000000000000000000e+00,0.000000000000000000e+00
1.429999999999953308e+00,2.420622686029196391e+00,6.411168859510021825e-04,2.085978783137001913e-03,3.683858877859680803e+00,2.803808881746125414e-03,-1.267606875958276341e-02,-1.244358711565709985e+00,5.119967404225886712e-03,2.459702786654173323e+01,-7.419680067075355365e-05,1.356327288099022894e+02,1.533059285250541492e+01,2.671294611283371978e+00,6.595872506490489506e+00
1.439999999999952207e+00,2.457425214123778456e+00,6.688577189928445604e-04,2.153769712035374494e-03,3.679439556377776643e+00,2.768338529077577718e-03,-2.358623932700729467e-02,0.000000000000000000e+00,0.000000000000000000e+00,0.000000000000000000e+00,0.000000000000000000e+00,1.353338819112089766e+02,0.000000000000000000e+00,0.000000000000000000e+00,0.000000000000000000e+00
1.449999999999951106e+00,2.494185629842016194e+00,6.961737754647838753e-04,2.077542130549712030e-03,3.674660949173700342e+00,2.718277512564918307e-03,-2.791327975166344247e-02,-4.281272004107452744e+01,-2.846957139661049907e-01,8.513643209143573358e+02,-4.090634350134467903e-06,1.349899354062351051e+02,5.786934434769028712e+02,1.362406805946298505e+02,1.364423925239088078e+02
1.459999999999950004e+00,2.530892900950628910e+00,7.230571638763807129e-04,2.080179845456181769e-03,3.668012960821770196e+00,2.663864136802624946e-03,1.113871977416450686e-02,-3.665385103741502348e+01,-3.813599186367379046e-01,7.329004516922328776e+02,-2.541403777417926280e-05,1.345052117467715505e+02,4.056948514254278280e+02,1.657301584326382340e+02,1.614758149242102263e+02
1.469999999999948903e+00,2.567552673320535828e+00,7.494816686043519801e-04,2.058207222247211352e-03,3.665806020464465576e+00,2.642963850127953620e-03,-4.483312591781179329e-02,-4.812997161610573471e+01,1.342750760753199435e+00,9.381209752871541241e+02,-4.237520944531426859e-05,1.343614222350515774e+02,5.530563847165403786e+02,1.955427506462171721e+02,1.896949270484091414e+02
1.479999999999947802e+00,2.604151941300130613e+00,7.763160053858926719e-04,2.246110794402992987e-03,3.659179016870397927e+00,2.676268570977253201e-03,-1.261448958871517687e-02,-6.327950507602821961e-01,-1.129776024818389749e-02,1.287028011783926296e+01,-8.550935910797523298e-05,1.339176213227204926e+02,1.201379808507577884e+01,0.000000000000000000e+00,8.559566406278815709e-01
1.489999999999946700e+00,2.640715198478913450e+00,8.029005779204897303e-04,2.153578796176278294e-03,3.652366392511375626e+00,2.636705142504714664e-03,2.749190400173258039e-02,-2.091735603417605172e-01,1.618033185981496754e-03,4.132436981573746948e+00,-3.743005009959089746e-05,1.334226888272372946e+02,4.132564543154280123e+00,0.000000000000000000e+00,0.000000000000000000e+00
1.499999999999945599e+00,2.677226348782403065e+00,8.291293028947814775e-04,2.129821166328208209e-03,3.647714837277580280e+00,2.588858428336654211e-03,2.087210017337239043e-02,-1.251512900549455409e+00,1.393279185508253422e-02,2.461953970507734368e+01,-6.293296891862537254e-05,1.330904696189760443e+02,1.836448855260062629e+01,1.797797570930394162e+00,4.458307796680283097e+00
1.509999999999944498e+00,2.713686695498520152e+00,8.549087383965298277e-04,2.130780616802625121e-03,3.643028742289431854e+00,2.556420467483978831e-03,1.458548228202627590e-02,0.000000000000000000e+00,0.000000000000000000e+00,0.000000000000000000e+00,0.000000000000000000e+00,1.327590358061330846e+02,0.000000000000000000e+00,0.000000000000000000e+00,0.000000000000000000e+00
1.519999999999943396e+00,2.750096575783092856e+00,8.803351909795930274e-04,2.152548944023011460e-03,3.638533183948569061e+00,2.526529170271996604e-03,7.109655012843881655e-03,0.000000000000000000e+00,0.000000000000000000e+00,0.000000000000000000e+00,0.000000000000000000e+00,1.324451600607258399e+02,0.000000000000000000e+00,0.000000000000000000e+00,0.000000000000000000e+00
1.529999999999942295e+00,2.786455230291721819e+00,9.054180025579504441e-04,2.213951705627616260e-03,3.632183144266578623e+00,2.484094913375109979e-03,3.688606120973422081e-02,-8.313853718183250585e-01,-1.484619646666460700e-02,1.646763199814941458e+01,-6.852728300058333853e-05,1.320230722552162774e+02,1.646804112945791587e+01,0.000000000000000000e+00,0.000000000000000000e+00
1.539999999999941194e+00,2.822774872916401723e+00,9.304616405738011910e-04,2.060114278377015492e-03,3.631853379301426266e+00,2.512365951756182023e-03,-5.782596132634972019e-02,-4.788332387870762119e+01,-2.574154084465794523e-01,9.543815876497064892e+02,-2.151837468299241593e-05,1.319865727667078659e+02,5.459223563070926275e+02,2.008239691306190480e+02,2.076435072668722341e+02
1.549999999999940092e+00,2.859032166090590188e+00,9.553226181564810661e-04,2.165325603309213413e-03,3.624986684306925611e+00,2.517124285637153611e-03,-2.003068221749409322e-02,0.000000000000000000e+00,0.000000000000000000e+00,0.000000000000000000e+00,0.000000000000000000e+00,1.314991441326905033e+02,0.000000000000000000e+00,0.000000000000000000e+00,0.000000000000000000e+00
1.559999999999938991e+00,2.895241406401794837e+00,9.802697353528638628e-04,2.230295009597677448e-03,3.618416005428973570e+00,2.478861469049491693e-03,1.388325033721597192e-02,-5.684790881243881877e-01,-5.066229835516116581e-03,1.131312985827268491e+01,-3.310468872471696022e-05,1.310520212554396551e+02,8.957129627909434788e+00,0.000000000000000000e+00,2.356148390103268486e+00
1.569999999999937890e+00,2.931410185362968601e+00,1.004954675311201017e-03,2.120168078251927039e-03,3.611698474933440650e+00,2.437968651333982401e-03,4.893016672463636196e-02,-5.057623758356639687e-01,9.208498118853438233e-03,1.002703176160550136e+01,-8.748062005525759563e-05,1.305881089300683584e+02,8.192747055680877466e+00,8.967617402964249695e-01,9.377614852620745900e-01
1.579999999999936788e+00,2.967524433136742523e+00,1.031143374599036676e-03,2.087001695943541298e-03,3.611248190005962755e+00,2.640498759570572476e-03,-4.581081200466201320e-02,-6.739785657957453324e-01,-1.929432765781216932e-02,1.347850542786184036e+01,-5.473320521064833910e-05,1.305533705359813439e+02,1.017674506077043617e+01,0.000000000000000000e+00,3.301778233652134631e+00
1.589999999999935687e+00,3.003394540699823700e+00,1.060598774363172379e-03,2.269505500517851777e-03,3.508328172402753520e+00,6.342766978201531611e-03,2.801946608878459408e-03,-3.318937756878346246e-01,-2.425745334448333596e-03,6.635248962935357930e+00,-3.513263977655833870e-08,1.235449317408086500e+02,3.722065607638953999e+00,1.446438286260804729e+00,1.466745069035201077e+00
1.599999999999934586e+00,3.038466078016183403e+00,1.124337553544015739e-03,2.051128565644284602e-03,3.501992358002579131e+00,6.401607758629697387e-03,4.140980168182664678e-02,-3.078121164657958886e+01,-1.794723207384363306e-01,6.106218556380260907e+02,-3.050408741572937718e-05,1.230528985160464970e+02,3.060281368051453796e+02,1.022898024398393204e+02,2.023164077979761828e+02
1.609999999999933484e+00,3.073468575006817360e+00,1.188390004209204272e-03,2.267637541867752789e-03,3.500218704799571867e+00,6.454736317054935238e-03,-2.106145370987232493e-02,-1.379618497901477836e+00,1.811941467077412757e-02,2.650048553736608881e+01,-3.327224025440472799e-04,1.229465757235447541e+02,1.043815880504848792e+01,4.382900747897784832e+00,1.168227205824558546e+01
1.619999999999932383e+00,3.108433205072365535e+00,1.252599525504356683e-03,2.163579324676689723e-03,3.491064384433548717e+00,6.359789549496084292e-03,5.332154499053355645e-02,-3.286990919878216566e-01,-8.221855310428891062e-03,6.750140425654035603e+00,-2.826726854887693513e-05,1.223680582092381002e+02,6.749711294861620914e+00,0.000000000000000000e+00,0.000000000000000000e+00
1.629999999999931282e+00,3.143344949924109066e+00,1.316174935279262491e-03,2.169750304978513167e-03,3.491142653915803251e+00,6.356333732977005949e-03,-4.221266143785386282e-02,-4.323133692013408358e-01,-1.219122488423814848e-02,8.389800566884014543e+00,-5.813777388515711797e-05,1.223471457091889647e+02,0.000000000000000000e+00,8.390406330120789846e+00,0.000000000000000000e+00
1.639999999999930180e+00,3.178208183130967868e+00,1.379288112370711259e-03,2.159569055700359761e-03,3.484040576145256640e+00,6.295566970764175478e-03,-5.225514168361243030e-03,-5.219291828311700687e-01,-1.854438903871455466e-03,1.050804176441243598e+01,-3.076592525784981047e-05,1.218701422655605313e+02,1.050787292308054077e+01,0.000000000000000000e+00,0.000000000000000000e+00
1.649999999999929079e+00,3.213017929800964456e+00,1.442056568045513775e-03,2.214205607551685082e-03,3.477886517386943765e+00,6.276769872078487300e-03,2.319032564856228842e-02,0.000000000000000000e+00,0.000000000000000000e+00,0.000000000000000000e+00,0.000000000000000000e+00,1.214554310081235258e+02,0.000000000000000000e+00,0.000000000000000000e+00,0.000000000000000000e+00
1.659999999999927978e+00,3.247788376655898812e+00,1.504723977698372260e-03,2.065907270729288887e-03,3.473210774613213481e+00,6.229765879028415984e-03,1.951512672561439218e-02,-3.465952728594175625e+01,-2.976408938187822817e-01,6.871851139393972971e+02,-6.531772222057204147e-05,1.211112381009352958e+02,4.220919056292311211e+02,1.851446147934248074e+02,7.996352927580888093e+01
1.669999999999926876e+00,3.282500345894888483e+00,1.566825295226525723e-03,2.100176166865609043e-03,3.471058422143721511e+00,6.206543210096411751e-03,-3.917396081614109293e-02,-1.341533424103157124e+00,-2.703491595447198373e-02,2.646648441192103007e+01,-3.988342729580561519e-05,1.209864240240617619e+02,1.865896641176689030e+01,7.808403217813695285e+00,0.000000000000000000e+00
1.679999999999925775e+00,3.317159777128875664e+00,1.628380665212142333e-03,2.197392102489488953e-03,3.464580733420052017e+00,6.142555345339014393e-03,-9.373101495935530492e-03,-7.787304503564346225e-01,-1.102281405529042385e-02,1.588234187629392125e+01,-3.844245893772253730e-05,1.205663270461070766e+02,1.023298742578321097e+01,5.648596074871982786e+00,0.000000000000000000e+00
1.689999999999924674e+00,3.351773124426766337e+00,1.689527341598392714e-03,2.217201589089446302e-03,3.457863867952261305e+00,6.222300314369304079e-03,1.979939911107829117e-02,-5.030427092090369312e-01,-7.218830976109511660e-03,9.769822191459580196e+00,-5.038731706816647164e-05,1.201262290054430224e+02,5.748799382420792803e+00,1.915067678542030194e+00,2.106685823078463304e+00
1.699999999999923572e+00,3.386344642969821184e+00,1.751650063533030611e-03,2.038148326371928658e-03,3.453018469367478804e+00,6.172958757803753867e-03,1.718798456682309184e-02,-3.416146227157499737e+01,-3.782363784534331641e-01,6.796427704875686686e+02,-4.348443852792130464e-05,1.197741956553504963e+02,2.638326838437924948e+02,2.778188578758063159e+02,1.380001122742846178e+02
1.709999999999922471e+00,3.420857191942172637e+00,1.813147568185128483e-03,2.053160048586732348e-03,3.451075265791337721e+00,6.146796036921732542e-03,-4.106426973427140803e-02,-4.366102975029497912e+01,-4.897828124607461198e-01,8.676192918857478844e+02,-3.357681689913905032e-05,1.196531924081109963e+02,4.025774795933792802e+02,1.675692578323055955e+02,2.974866016590312370e+02
1.719999999999921370e+00,3.455312917955552177e+00,1.873980484705247860e-03,2.221373287832248064e-03,3.444948209094354397e+00,6.074859168998500251e-03,-1.500245762430499515e-02,-8.023490873637441068e-01,-1.276595092312884927e-02,1.590489685083542604e+01,-5.251155687789848918e-05,1.192599867654300425e+02,1.590527108830788805e+01,0.000000000000000000e+00,0.000000000000000000e+00
1.729999999999920268e+00,3.489728848630391678e+00,1.934261792271448153e-03,2.193706419346465666e-03,3.438380039147342249e+00,5.983952415624278764e-03,1.614763454924056027e-02,-5.600791595154167579e-01,-6.264360837127815052e-03,1.092759134631402063e+01,-3.808276222295320368e-05,1.188215065644941006e+02,7.651459758712950254e+00,1.517342768297411215e+00,1.759475763928370462e+00
1.739999999999919167e+00,3.523136832499909055e+00,1.989784132427461875e-03,2.091293670080694635e-03,3.294978734277121735e+00,5.318479365426814764e-03,4.356798188278118711e-02,0.000000000000000000e+00,0.000000000000000000e+00,0.000000000000000000e+00,0.000000000000000000e+00,1.095463395291839959e+02,0.000000000000000000e+00,0.000000000000000000e+00,0.000000000000000000e+00
1.749999999999918066e+00,3.556084851359120780e+00,2.042936900704714343e-03,2.059884013244362745e-03,3.292892876678172875e+00,5.298819900184378179e-03,-4.687156279254004083e-03,-3.655369161167084258e+01,-3.471642586235901273e-01,7.255590300771547163e+02,-2.174863981564733109e-05,1.093756162076220733e+02,3.025024722766896161e+02,1.598794308518999969e+02,2.631910424382846259e+02
1.759999999999916964e+00,3.588981103122732108e+00,2.096013866199848696e-03,2.153507396096704732e-03,3.286864242504710099e+00,5.686981029733768206e-03,1.667852486692939645e-02,-2.696536511513990604e+02,2.411852339925337105e+02,4.343768728555170355e+01,-4.007792168734414934e-04,1.089903449158522903e+02,3.651521462747907663e+02,4.154610388896725226e+01,0.000000000000000000e+00
1.769999999999915863e+00,3.621684813614554521e+00,2.276638723547612115e-03,2.167521048367742047e-03,3.265825549123801075e+00,1.784338089176282227e-02,3.956970198427954555e-02,-6.392848935768966623e-01,1.896227339110135857e-01,1.299772290060057678e+01,-3.182986407048934985e-06,1.077833908204465700e+02,6.748778059457642087e+00,6.248944841123643457e+00,0.000000000000000000e+00
1.779999999999914762e+00,3.654345831805220879e+00,2.455193546156669415e-03,2.039664148073743431e-03,3.266074071044891447e+00,1.787618319114099574e-02,-5.547997397493986682e-02,-4.498481393654268601e+01,-2.275992250799129923e+00,8.984825767822059106e+02,-7.287599744478477637e-05,1.077615619018121578e+02,4.678122470007587594e+02,2.920763851246686613e+02,1.385981572540491129e+02
1.789999999999913660e+00,3.686941720205636930e+00,2.630722152509474502e-03,2.304125415473097949e-03,3.257744273806451929e+00,1.811471412598307865e-02,3.628508119852136803e-03,-2.017504606175097859e+00,-4.016807760886402789e-01,4.124914248663346683e+01,-2.297255596629549368e-04,1.072421300655552017e+02,1.519873100151544776e+01,1.909405335789218938e+01,6.955736818244718123e+00
